id,kind,name,collected_at,reliability,status
src:stealthmole:cl:427d9532be3e26a2,stealthmole_cl,StealthMole CL approved hackathon row 427d9532be3e26a2,2026-07-05T05:41:19+00:00,0.6,approved_filtered
src:stealthmole:cl:19f80065284e5a78,stealthmole_cl,StealthMole CL approved hackathon row 19f80065284e5a78,2026-07-05T05:41:19+00:00,0.6,approved_filtered
src:stealthmole:cl:94e6230ef9464e2b,stealthmole_cl,StealthMole CL approved hackathon row 94e6230ef9464e2b,2026-07-05T05:41:19+00:00,0.6,approved_filtered
src:stealthmole:cl:cef8a165393053c3,stealthmole_cl,StealthMole CL approved hackathon row cef8a165393053c3,2026-07-05T05:41:19+00:00,0.6,approved_filtered
src:stealthmole:cl:46f50f6ee1817670,stealthmole_cl,StealthMole CL approved hackathon row 46f50f6ee1817670,2026-07-05T05:41:19+00:00,0.6,approved_filtered
src:stealthmole:cl:aba1e01f4148956a,stealthmole_cl,StealthMole CL approved hackathon row aba1e01f4148956a,2026-07-05T05:41:19+00:00,0.6,approved_filtered
src:stealthmole:cl:de2c7117ad3e73a7,stealthmole_cl,StealthMole CL approved hackathon row de2c7117ad3e73a7,2026-07-05T05:41:19+00:00,0.6,approved_filtered
src:stealthmole:cl:910f7af915fd498d,stealthmole_cl,StealthMole CL approved hackathon row 910f7af915fd498d,2026-07-05T05:41:19+00:00,0.6,approved_filtered
src:stealthmole:cl:966b353b057840b9,stealthmole_cl,StealthMole CL approved hackathon row 966b353b057840b9,2026-07-05T05:41:19+00:00,0.6,approved_filtered
src:stealthmole:cl:4a9f9bd8b7b3c074,stealthmole_cl,StealthMole CL approved hackathon row 4a9f9bd8b7b3c074,2026-07-05T05:41:19+00:00,0.6,approved_filtered
src:stealthmole:cl:b143a9ae30331e92,stealthmole_cl,StealthMole CL approved hackathon row b143a9ae30331e92,2026-07-05T05:41:19+00:00,0.6,approved_filtered
src:stealthmole:cl:0024245f0aa08ee2,stealthmole_cl,StealthMole CL approved hackathon row 0024245f0aa08ee2,2026-07-05T05:41:19+00:00,0.6,approved_filtered
src:stealthmole:cl:fa60fe109c1a03f3,stealthmole_cl,StealthMole CL approved hackathon row fa60fe109c1a03f3,2026-07-05T05:41:19+00:00,0.6,approved_filtered
src:stealthmole:cl:2225f2093106404a,stealthmole_cl,StealthMole CL approved hackathon row 2225f2093106404a,2026-07-05T05:41:19+00:00,0.6,approved_filtered
src:stealthmole:cl:7fe5f7872cc0882f,stealthmole_cl,StealthMole CL approved hackathon row 7fe5f7872cc0882f,2026-07-05T05:41:19+00:00,0.6,approved_filtered
src:stealthmole:cl:5ba2bc96250673db,stealthmole_cl,StealthMole CL approved hackathon row 5ba2bc96250673db,2026-07-05T05:41:19+00:00,0.6,approved_filtered
src:stealthmole:cl:3898136e5212aff9,stealthmole_cl,StealthMole CL approved hackathon row 3898136e5212aff9,2026-07-05T05:41:19+00:00,0.6,approved_filtered
src:stealthmole:cl:60dfd853d16448e5,stealthmole_cl,StealthMole CL approved hackathon row 60dfd853d16448e5,2026-07-05T05:41:19+00:00,0.6,approved_filtered
src:stealthmole:cl:0fd75a89fb6a6afe,stealthmole_cl,StealthMole CL approved hackathon row 0fd75a89fb6a6afe,2026-07-05T05:41:19+00:00,0.6,approved_filtered
src:stealthmole:cl:eb31c44473d53c68,stealthmole_cl,StealthMole CL approved hackathon row eb31c44473d53c68,2026-07-05T05:41:19+00:00,0.6,approved_filtered
src:stealthmole:cl:a535b3bf83647110,stealthmole_cl,StealthMole CL approved hackathon row a535b3bf83647110,2026-07-05T05:41:19+00:00,0.6,approved_filtered
src:stealthmole:cl:25ce83568ff169e0,stealthmole_cl,StealthMole CL approved hackathon row 25ce83568ff169e0,2026-07-05T05:41:19+00:00,0.6,approved_filtered
src:stealthmole:cl:3a00f88d87ceb7ee,stealthmole_cl,StealthMole CL approved hackathon row 3a00f88d87ceb7ee,2026-07-05T05:41:19+00:00,0.6,approved_filtered
src:stealthmole:cl:e8c5a87a2d38d846,stealthmole_cl,StealthMole CL approved hackathon row e8c5a87a2d38d846,2026-07-05T05:41:19+00:00,0.6,approved_filtered
src:stealthmole:cl:2c8598e907dbf50d,stealthmole_cl,StealthMole CL approved hackathon row 2c8598e907dbf50d,2026-07-05T05:41:19+00:00,0.6,approved_filtered
src:stealthmole:cl:1ad3f881dd770396,stealthmole_cl,StealthMole CL approved hackathon row 1ad3f881dd770396,2026-07-05T05:41:19+00:00,0.6,approved_filtered
src:stealthmole:cl:f576e9d9a1c7b704,stealthmole_cl,StealthMole CL approved hackathon row f576e9d9a1c7b704,2026-07-05T05:41:19+00:00,0.6,approved_filtered
src:stealthmole:cl:1faacd566b5a21d8,stealthmole_cl,StealthMole CL approved hackathon row 1faacd566b5a21d8,2026-07-05T05:41:19+00:00,0.6,approved_filtered
src:stealthmole:cl:27f4f5225af08820,stealthmole_cl,StealthMole CL approved hackathon row 27f4f5225af08820,2026-07-05T05:41:19+00:00,0.6,approved_filtered
src:stealthmole:cl:bac9ef8ec7d2f83a,stealthmole_cl,StealthMole CL approved hackathon row bac9ef8ec7d2f83a,2026-07-05T05:41:19+00:00,0.6,approved_filtered
src:stealthmole:cl:c9e8c5ef65df04f6,stealthmole_cl,StealthMole CL approved hackathon row c9e8c5ef65df04f6,2026-07-05T05:41:19+00:00,0.6,approved_filtered
src:stealthmole:cl:9f1f2f8aa7edafc7,stealthmole_cl,StealthMole CL approved hackathon row 9f1f2f8aa7edafc7,2026-07-05T05:41:19+00:00,0.6,approved_filtered
src:stealthmole:cl:fc1fd1627c8adb0a,stealthmole_cl,StealthMole CL approved hackathon row fc1fd1627c8adb0a,2026-07-05T05:41:19+00:00,0.6,approved_filtered
src:stealthmole:cl:d884adee9039b3a8,stealthmole_cl,StealthMole CL approved hackathon row d884adee9039b3a8,2026-07-05T05:41:19+00:00,0.6,approved_filtered
src:stealthmole:cl:c3a49a5fd62e6032,stealthmole_cl,StealthMole CL approved hackathon row c3a49a5fd62e6032,2026-07-05T05:41:19+00:00,0.6,approved_filtered
src:stealthmole:cl:5fcefb509ea5cf32,stealthmole_cl,StealthMole CL approved hackathon row 5fcefb509ea5cf32,2026-07-05T05:41:19+00:00,0.6,approved_filtered
src:stealthmole:cl:f2226e2905190798,stealthmole_cl,StealthMole CL approved hackathon row f2226e2905190798,2026-07-05T05:41:19+00:00,0.6,approved_filtered
src:stealthmole:cl:261f320492b4f2f8,stealthmole_cl,StealthMole CL approved hackathon row 261f320492b4f2f8,2026-07-05T05:41:19+00:00,0.6,approved_filtered
src:stealthmole:cl:f0475481ed76d2e2,stealthmole_cl,StealthMole CL approved hackathon row f0475481ed76d2e2,2026-07-05T05:41:19+00:00,0.6,approved_filtered
src:stealthmole:cl:7e909b63b6af59b5,stealthmole_cl,StealthMole CL approved hackathon row 7e909b63b6af59b5,2026-07-05T05:41:19+00:00,0.6,approved_filtered
src:stealthmole:cl:c2d89722ff945efa,stealthmole_cl,StealthMole CL approved hackathon row c2d89722ff945efa,2026-07-05T05:41:19+00:00,0.6,approved_filtered
src:stealthmole:cl:434124e273dd0fc8,stealthmole_cl,StealthMole CL approved hackathon row 434124e273dd0fc8,2026-07-05T05:41:19+00:00,0.6,approved_filtered
src:stealthmole:cl:a450d46a5b3f1fa1,stealthmole_cl,StealthMole CL approved hackathon row a450d46a5b3f1fa1,2026-07-05T05:41:19+00:00,0.6,approved_filtered
src:stealthmole:cl:eda6a51365152e0e,stealthmole_cl,StealthMole CL approved hackathon row eda6a51365152e0e,2026-07-05T05:41:19+00:00,0.6,approved_filtered
src:stealthmole:cl:af8d1e7ec51165f5,stealthmole_cl,StealthMole CL approved hackathon row af8d1e7ec51165f5,2026-07-05T05:41:19+00:00,0.6,approved_filtered
src:stealthmole:cl:d253d139004230d2,stealthmole_cl,StealthMole CL approved hackathon row d253d139004230d2,2026-07-05T05:41:19+00:00,0.6,approved_filtered
src:stealthmole:cl:0d3aaba08ba6c33c,stealthmole_cl,StealthMole CL approved hackathon row 0d3aaba08ba6c33c,2026-07-05T05:41:19+00:00,0.6,approved_filtered
src:stealthmole:cl:c70b9e850f7c7a94,stealthmole_cl,StealthMole CL approved hackathon row c70b9e850f7c7a94,2026-07-05T05:41:19+00:00,0.6,approved_filtered
src:stealthmole:cl:bbd7d0d70dff63a6,stealthmole_cl,StealthMole CL approved hackathon row bbd7d0d70dff63a6,2026-07-05T05:41:19+00:00,0.6,approved_filtered
src:stealthmole:cl:931c9ba008e71d77,stealthmole_cl,StealthMole CL approved hackathon row 931c9ba008e71d77,2026-07-05T05:41:19+00:00,0.6,approved_filtered
src:stealthmole:cds:6700c1579cb3cbe1,stealthmole_cds,StealthMole CDS approved hackathon row 6700c1579cb3cbe1,2026-07-05T05:41:19+00:00,0.9,approved_filtered
src:stealthmole:cds:242091ab526900ae,stealthmole_cds,StealthMole CDS approved hackathon row 242091ab526900ae,2026-07-05T05:41:19+00:00,0.9,approved_filtered
src:stealthmole:cds:672badbad2c0c4c2,stealthmole_cds,StealthMole CDS approved hackathon row 672badbad2c0c4c2,2026-07-05T05:41:19+00:00,0.9,approved_filtered
src:stealthmole:cds:24d34c53d11e9acb,stealthmole_cds,StealthMole CDS approved hackathon row 24d34c53d11e9acb,2026-07-05T05:41:19+00:00,0.9,approved_filtered
src:stealthmole:cds:2146f54464401c1f,stealthmole_cds,StealthMole CDS approved hackathon row 2146f54464401c1f,2026-07-05T05:41:19+00:00,0.9,approved_filtered
src:stealthmole:cds:97818f6d4e9aa828,stealthmole_cds,StealthMole CDS approved hackathon row 97818f6d4e9aa828,2026-07-05T05:41:19+00:00,0.9,approved_filtered
src:stealthmole:cds:844d3b6e332fd34a,stealthmole_cds,StealthMole CDS approved hackathon row 844d3b6e332fd34a,2026-07-05T05:41:19+00:00,0.9,approved_filtered
src:stealthmole:cds:6eb2bbae0b77c77e,stealthmole_cds,StealthMole CDS approved hackathon row 6eb2bbae0b77c77e,2026-07-05T05:41:19+00:00,0.9,approved_filtered
src:stealthmole:cds:b245a367c005f6d1,stealthmole_cds,StealthMole CDS approved hackathon row b245a367c005f6d1,2026-07-05T05:41:19+00:00,0.9,approved_filtered
src:stealthmole:cds:121085f57413d554,stealthmole_cds,StealthMole CDS approved hackathon row 121085f57413d554,2026-07-05T05:41:19+00:00,0.9,approved_filtered
src:stealthmole:cds:98093f9c02ecaa6f,stealthmole_cds,StealthMole CDS approved hackathon row 98093f9c02ecaa6f,2026-07-05T05:41:19+00:00,0.9,approved_filtered
src:stealthmole:cds:5db69c8e403525bd,stealthmole_cds,StealthMole CDS approved hackathon row 5db69c8e403525bd,2026-07-05T05:41:19+00:00,0.9,approved_filtered
src:stealthmole:cds:ca2787243b337324,stealthmole_cds,StealthMole CDS approved hackathon row ca2787243b337324,2026-07-05T05:41:19+00:00,0.9,approved_filtered
src:stealthmole:cds:d293e9a368fa7d5a,stealthmole_cds,StealthMole CDS approved hackathon row d293e9a368fa7d5a,2026-07-05T05:41:19+00:00,0.9,approved_filtered
src:stealthmole:cds:cdf05841158e32c7,stealthmole_cds,StealthMole CDS approved hackathon row cdf05841158e32c7,2026-07-05T05:41:19+00:00,0.9,approved_filtered
src:stealthmole:cds:f28e0bf4f99db12e,stealthmole_cds,StealthMole CDS approved hackathon row f28e0bf4f99db12e,2026-07-05T05:41:19+00:00,0.9,approved_filtered
src:stealthmole:cds:4dfde70cdb05b6bf,stealthmole_cds,StealthMole CDS approved hackathon row 4dfde70cdb05b6bf,2026-07-05T05:41:19+00:00,0.9,approved_filtered
src:stealthmole:cds:dc780ddde2e91362,stealthmole_cds,StealthMole CDS approved hackathon row dc780ddde2e91362,2026-07-05T05:41:19+00:00,0.9,approved_filtered
src:stealthmole:cds:20eaea0fc751fa83,stealthmole_cds,StealthMole CDS approved hackathon row 20eaea0fc751fa83,2026-07-05T05:41:19+00:00,0.9,approved_filtered
src:stealthmole:cds:065ecbc3fc3e8b0f,stealthmole_cds,StealthMole CDS approved hackathon row 065ecbc3fc3e8b0f,2026-07-05T05:41:19+00:00,0.9,approved_filtered
src:stealthmole:cds:86d9c092efe5a820,stealthmole_cds,StealthMole CDS approved hackathon row 86d9c092efe5a820,2026-07-05T05:41:19+00:00,0.9,approved_filtered
src:stealthmole:cds:3079b59bfc57e283,stealthmole_cds,StealthMole CDS approved hackathon row 3079b59bfc57e283,2026-07-05T05:41:19+00:00,0.9,approved_filtered
src:stealthmole:cds:901236cf4936f4d7,stealthmole_cds,StealthMole CDS approved hackathon row 901236cf4936f4d7,2026-07-05T05:41:19+00:00,0.9,approved_filtered
src:stealthmole:cds:1e6ef1d99fdeb21c,stealthmole_cds,StealthMole CDS approved hackathon row 1e6ef1d99fdeb21c,2026-07-05T05:41:19+00:00,0.9,approved_filtered
src:stealthmole:cds:8e0c8908245b2c52,stealthmole_cds,StealthMole CDS approved hackathon row 8e0c8908245b2c52,2026-07-05T05:41:19+00:00,0.9,approved_filtered
src:stealthmole:cds:6db50156c2241eb2,stealthmole_cds,StealthMole CDS approved hackathon row 6db50156c2241eb2,2026-07-05T05:41:19+00:00,0.9,approved_filtered
src:stealthmole:cds:c9c3889865bb7ac1,stealthmole_cds,StealthMole CDS approved hackathon row c9c3889865bb7ac1,2026-07-05T05:41:19+00:00,0.9,approved_filtered
src:stealthmole:cds:ef9411460a6fd7a7,stealthmole_cds,StealthMole CDS approved hackathon row ef9411460a6fd7a7,2026-07-05T05:41:19+00:00,0.9,approved_filtered
src:stealthmole:cds:21fe942b9407d7a9,stealthmole_cds,StealthMole CDS approved hackathon row 21fe942b9407d7a9,2026-07-05T05:41:19+00:00,0.9,approved_filtered
src:stealthmole:cds:d9cc5b14f45c4021,stealthmole_cds,StealthMole CDS approved hackathon row d9cc5b14f45c4021,2026-07-05T05:41:19+00:00,0.9,approved_filtered
src:stealthmole:cds:83dcd82a45ef33b9,stealthmole_cds,StealthMole CDS approved hackathon row 83dcd82a45ef33b9,2026-07-05T05:41:19+00:00,0.9,approved_filtered
src:stealthmole:cds:0a06c127dd215525,stealthmole_cds,StealthMole CDS approved hackathon row 0a06c127dd215525,2026-07-05T05:41:19+00:00,0.9,approved_filtered
src:stealthmole:cds:a4e360b895311491,stealthmole_cds,StealthMole CDS approved hackathon row a4e360b895311491,2026-07-05T05:41:19+00:00,0.9,approved_filtered
src:stealthmole:cds:560ef61300444a95,stealthmole_cds,StealthMole CDS approved hackathon row 560ef61300444a95,2026-07-05T05:41:19+00:00,0.9,approved_filtered
src:stealthmole:cds:79cd9a5e60600e09,stealthmole_cds,StealthMole CDS approved hackathon row 79cd9a5e60600e09,2026-07-05T05:41:19+00:00,0.9,approved_filtered
src:stealthmole:cds:9c8ac8db60920ae3,stealthmole_cds,StealthMole CDS approved hackathon row 9c8ac8db60920ae3,2026-07-05T05:41:19+00:00,0.9,approved_filtered
src:stealthmole:cds:c013237e1073dd7a,stealthmole_cds,StealthMole CDS approved hackathon row c013237e1073dd7a,2026-07-05T05:41:19+00:00,0.9,approved_filtered
src:stealthmole:cds:947af3edbfba7b33,stealthmole_cds,StealthMole CDS approved hackathon row 947af3edbfba7b33,2026-07-05T05:41:19+00:00,0.9,approved_filtered
src:stealthmole:cds:fa0caf623b80381d,stealthmole_cds,StealthMole CDS approved hackathon row fa0caf623b80381d,2026-07-05T05:41:19+00:00,0.9,approved_filtered
src:stealthmole:cds:ebdcb7bcbb530d37,stealthmole_cds,StealthMole CDS approved hackathon row ebdcb7bcbb530d37,2026-07-05T05:41:19+00:00,0.9,approved_filtered
src:stealthmole:cds:e8547009a428f3fe,stealthmole_cds,StealthMole CDS approved hackathon row e8547009a428f3fe,2026-07-05T05:41:19+00:00,0.9,approved_filtered
src:stealthmole:cds:a9ec5df528a2690a,stealthmole_cds,StealthMole CDS approved hackathon row a9ec5df528a2690a,2026-07-05T05:41:19+00:00,0.9,approved_filtered
src:stealthmole:cds:42e3070f246c06af,stealthmole_cds,StealthMole CDS approved hackathon row 42e3070f246c06af,2026-07-05T05:41:19+00:00,0.9,approved_filtered
src:stealthmole:cds:deb7a3682247332c,stealthmole_cds,StealthMole CDS approved hackathon row deb7a3682247332c,2026-07-05T05:41:19+00:00,0.9,approved_filtered
src:stealthmole:cds:dc200e5066613cce,stealthmole_cds,StealthMole CDS approved hackathon row dc200e5066613cce,2026-07-05T05:41:19+00:00,0.9,approved_filtered
src:stealthmole:cds:6dba9f2284335e2b,stealthmole_cds,StealthMole CDS approved hackathon row 6dba9f2284335e2b,2026-07-05T05:41:19+00:00,0.9,approved_filtered
src:stealthmole:cds:ea65f2ebc29070b6,stealthmole_cds,StealthMole CDS approved hackathon row ea65f2ebc29070b6,2026-07-05T05:41:19+00:00,0.9,approved_filtered
src:stealthmole:cds:475cb568c9c95cb3,stealthmole_cds,StealthMole CDS approved hackathon row 475cb568c9c95cb3,2026-07-05T05:41:19+00:00,0.9,approved_filtered
src:stealthmole:cds:e02ef3e30565b277,stealthmole_cds,StealthMole CDS approved hackathon row e02ef3e30565b277,2026-07-05T05:41:19+00:00,0.9,approved_filtered
src:stealthmole:cds:5f55529b02cf359a,stealthmole_cds,StealthMole CDS approved hackathon row 5f55529b02cf359a,2026-07-05T05:41:19+00:00,0.9,approved_filtered
src:stealthmole:cb:99fc4f331ff03f3e,stealthmole_cb,StealthMole CB approved hackathon row 99fc4f331ff03f3e,2026-07-05T05:41:19+00:00,0.3,approved_filtered
src:stealthmole:cb:4c0e0b172d4abf3e,stealthmole_cb,StealthMole CB approved hackathon row 4c0e0b172d4abf3e,2026-07-05T05:41:19+00:00,0.3,approved_filtered
src:stealthmole:cb:75fa923e310a1aae,stealthmole_cb,StealthMole CB approved hackathon row 75fa923e310a1aae,2026-07-05T05:41:19+00:00,0.3,approved_filtered
src:stealthmole:cb:9d623f1a8ea14821,stealthmole_cb,StealthMole CB approved hackathon row 9d623f1a8ea14821,2026-07-05T05:41:19+00:00,0.3,approved_filtered
src:stealthmole:cb:8185c8c9b673cabf,stealthmole_cb,StealthMole CB approved hackathon row 8185c8c9b673cabf,2026-07-05T05:41:19+00:00,0.3,approved_filtered
src:stealthmole:cb:91d470be5a931bec,stealthmole_cb,StealthMole CB approved hackathon row 91d470be5a931bec,2026-07-05T05:41:19+00:00,0.3,approved_filtered
src:stealthmole:cb:e6fcc580e9623fe7,stealthmole_cb,StealthMole CB approved hackathon row e6fcc580e9623fe7,2026-07-05T05:41:19+00:00,0.3,approved_filtered
src:stealthmole:cb:83911770d439493b,stealthmole_cb,StealthMole CB approved hackathon row 83911770d439493b,2026-07-05T05:41:19+00:00,0.3,approved_filtered
src:stealthmole:cb:caf176858611d64e,stealthmole_cb,StealthMole CB approved hackathon row caf176858611d64e,2026-07-05T05:41:19+00:00,0.3,approved_filtered
src:stealthmole:cb:ce4b7b5fcc911e61,stealthmole_cb,StealthMole CB approved hackathon row ce4b7b5fcc911e61,2026-07-05T05:41:19+00:00,0.3,approved_filtered
src:stealthmole:cb:c39ef929397c4afc,stealthmole_cb,StealthMole CB approved hackathon row c39ef929397c4afc,2026-07-05T05:41:19+00:00,0.3,approved_filtered
src:stealthmole:cb:0506a1cd4e72a38e,stealthmole_cb,StealthMole CB approved hackathon row 0506a1cd4e72a38e,2026-07-05T05:41:19+00:00,0.3,approved_filtered
src:stealthmole:cb:4528554d45e485b3,stealthmole_cb,StealthMole CB approved hackathon row 4528554d45e485b3,2026-07-05T05:41:19+00:00,0.3,approved_filtered
src:stealthmole:cb:789e27b4fb754dd7,stealthmole_cb,StealthMole CB approved hackathon row 789e27b4fb754dd7,2026-07-05T05:41:19+00:00,0.3,approved_filtered
src:stealthmole:cb:eaa4f586d3240653,stealthmole_cb,StealthMole CB approved hackathon row eaa4f586d3240653,2026-07-05T05:41:19+00:00,0.3,approved_filtered
src:stealthmole:cb:9e6ded32c1cfef65,stealthmole_cb,StealthMole CB approved hackathon row 9e6ded32c1cfef65,2026-07-05T05:41:19+00:00,0.3,approved_filtered
src:stealthmole:cb:2da046c01f8ea21a,stealthmole_cb,StealthMole CB approved hackathon row 2da046c01f8ea21a,2026-07-05T05:41:19+00:00,0.3,approved_filtered
src:stealthmole:cb:50fecced398fe2d4,stealthmole_cb,StealthMole CB approved hackathon row 50fecced398fe2d4,2026-07-05T05:41:19+00:00,0.3,approved_filtered
src:stealthmole:cb:86bfed91ca840ff7,stealthmole_cb,StealthMole CB approved hackathon row 86bfed91ca840ff7,2026-07-05T05:41:19+00:00,0.3,approved_filtered
src:stealthmole:cb:1f80d4353b856345,stealthmole_cb,StealthMole CB approved hackathon row 1f80d4353b856345,2026-07-05T05:41:19+00:00,0.3,approved_filtered
src:stealthmole:cb:31210604742630a4,stealthmole_cb,StealthMole CB approved hackathon row 31210604742630a4,2026-07-05T05:41:19+00:00,0.3,approved_filtered
src:stealthmole:cb:636427474eb66333,stealthmole_cb,StealthMole CB approved hackathon row 636427474eb66333,2026-07-05T05:41:19+00:00,0.3,approved_filtered
src:stealthmole:cb:892502d085bb9e46,stealthmole_cb,StealthMole CB approved hackathon row 892502d085bb9e46,2026-07-05T05:41:19+00:00,0.3,approved_filtered
src:stealthmole:cb:f7c4fb56fe111f72,stealthmole_cb,StealthMole CB approved hackathon row f7c4fb56fe111f72,2026-07-05T05:41:19+00:00,0.3,approved_filtered
src:stealthmole:cb:b4a9e10afcaf4398,stealthmole_cb,StealthMole CB approved hackathon row b4a9e10afcaf4398,2026-07-05T05:41:19+00:00,0.3,approved_filtered
src:stealthmole:cb:81c5f04b6f6ffb2c,stealthmole_cb,StealthMole CB approved hackathon row 81c5f04b6f6ffb2c,2026-07-05T05:41:19+00:00,0.3,approved_filtered
src:stealthmole:cb:a96caac514747f0c,stealthmole_cb,StealthMole CB approved hackathon row a96caac514747f0c,2026-07-05T05:41:19+00:00,0.3,approved_filtered
src:stealthmole:cb:97f2693b1936bca0,stealthmole_cb,StealthMole CB approved hackathon row 97f2693b1936bca0,2026-07-05T05:41:19+00:00,0.3,approved_filtered
src:stealthmole:cb:7a1b6d2335b35b2a,stealthmole_cb,StealthMole CB approved hackathon row 7a1b6d2335b35b2a,2026-07-05T05:41:19+00:00,0.3,approved_filtered
src:stealthmole:cb:cdadb3510efcaa33,stealthmole_cb,StealthMole CB approved hackathon row cdadb3510efcaa33,2026-07-05T05:41:19+00:00,0.3,approved_filtered
src:stealthmole:cb:f2ddc69cca0e78f3,stealthmole_cb,StealthMole CB approved hackathon row f2ddc69cca0e78f3,2026-07-05T05:41:19+00:00,0.3,approved_filtered
src:stealthmole:cb:47a664c67eda7c14,stealthmole_cb,StealthMole CB approved hackathon row 47a664c67eda7c14,2026-07-05T05:41:19+00:00,0.3,approved_filtered
src:stealthmole:cb:aee85f4e41c22308,stealthmole_cb,StealthMole CB approved hackathon row aee85f4e41c22308,2026-07-05T05:41:19+00:00,0.3,approved_filtered
src:stealthmole:cb:7cc43a9123389406,stealthmole_cb,StealthMole CB approved hackathon row 7cc43a9123389406,2026-07-05T05:41:19+00:00,0.3,approved_filtered
src:stealthmole:cb:81480aca8eedddd9,stealthmole_cb,StealthMole CB approved hackathon row 81480aca8eedddd9,2026-07-05T05:41:19+00:00,0.3,approved_filtered
src:stealthmole:cb:f19d889ab5a90519,stealthmole_cb,StealthMole CB approved hackathon row f19d889ab5a90519,2026-07-05T05:41:19+00:00,0.3,approved_filtered
src:stealthmole:cb:dcbc7135a435c4ca,stealthmole_cb,StealthMole CB approved hackathon row dcbc7135a435c4ca,2026-07-05T05:41:19+00:00,0.3,approved_filtered
src:stealthmole:cb:2d032f9129b5495f,stealthmole_cb,StealthMole CB approved hackathon row 2d032f9129b5495f,2026-07-05T05:41:19+00:00,0.3,approved_filtered
src:stealthmole:cb:31ea99c147ebfabe,stealthmole_cb,StealthMole CB approved hackathon row 31ea99c147ebfabe,2026-07-05T05:41:19+00:00,0.3,approved_filtered
src:stealthmole:cb:8c52ed88d4a9e503,stealthmole_cb,StealthMole CB approved hackathon row 8c52ed88d4a9e503,2026-07-05T05:41:19+00:00,0.3,approved_filtered
src:stealthmole:cb:da413d6bf28b4ec0,stealthmole_cb,StealthMole CB approved hackathon row da413d6bf28b4ec0,2026-07-05T05:41:19+00:00,0.3,approved_filtered
src:stealthmole:cb:28149ef100c21d49,stealthmole_cb,StealthMole CB approved hackathon row 28149ef100c21d49,2026-07-05T05:41:19+00:00,0.3,approved_filtered
src:stealthmole:cb:123d25cb17bf0955,stealthmole_cb,StealthMole CB approved hackathon row 123d25cb17bf0955,2026-07-05T05:41:19+00:00,0.3,approved_filtered
src:stealthmole:cb:9d42bcd9e9578819,stealthmole_cb,StealthMole CB approved hackathon row 9d42bcd9e9578819,2026-07-05T05:41:19+00:00,0.3,approved_filtered
src:stealthmole:cb:9e1755e8b77d5dcf,stealthmole_cb,StealthMole CB approved hackathon row 9e1755e8b77d5dcf,2026-07-05T05:41:19+00:00,0.3,approved_filtered
src:stealthmole:cb:1518da089f734fcb,stealthmole_cb,StealthMole CB approved hackathon row 1518da089f734fcb,2026-07-05T05:41:19+00:00,0.3,approved_filtered
src:stealthmole:cb:b96af130765727b0,stealthmole_cb,StealthMole CB approved hackathon row b96af130765727b0,2026-07-05T05:41:19+00:00,0.3,approved_filtered
src:stealthmole:cb:f2a1dc0928ac2d4f,stealthmole_cb,StealthMole CB approved hackathon row f2a1dc0928ac2d4f,2026-07-05T05:41:19+00:00,0.3,approved_filtered
src:stealthmole:cb:ea9324dc9d2b6fc1,stealthmole_cb,StealthMole CB approved hackathon row ea9324dc9d2b6fc1,2026-07-05T05:41:19+00:00,0.3,approved_filtered
src:stealthmole:cb:9fc11c545987e056,stealthmole_cb,StealthMole CB approved hackathon row 9fc11c545987e056,2026-07-05T05:41:19+00:00,0.3,approved_filtered
